{
  "configs": {
    "topTaskBar": false,
    "sound": false,
    "wallpaper": "./res/img/wallpapers/bg1.jpg",
    "wallpaperBlur": false,
    "wallpaperSlide": true,
    "wallpaperSlideRandom": true,
    "wallpaperSlideItv": 1,
    "wallpaperSlideTime": 1519442460788,
    "wallpaperSlideIndex": 8,
    "openMax": 9,
    "idCounter": 170,
    "themeColor": "rgba(2,35,64,1)",
    "autoThemeColor": true,
    "wallpapers": [
      {
        "image": "data:image/gif;base64,R0lGODlhAQABAIAAAAUEBAAAACwAAAAAAQABAAACAkQBADs="
      },
      {
        "image": "./res/img/wallpapers/bg1.jpg",
        "preview": "./res/img/wallpapers/bg1_1.jpg"
      },
      {
        "image": "./res/img/wallpapers/bg2.jpg",
        "preview": "./res/img/wallpapers/bg2_1.jpg"
      },
      {
        "image": "./res/img/wallpapers/bg3.jpg",
        "preview": "./res/img/wallpapers/bg3_1.jpg"
      },
      {
        "image": "./res/img/wallpapers/bg4.jpg",
        "preview": "./res/img/wallpapers/bg4_1.jpg"
      },
      {
        "image": "./res/img/wallpapers/bg5.jpg",
        "preview": "./res/img/wallpapers/bg5_1.jpg"
      },
      {
        "image": "./res/img/wallpapers/bg6.jpg",
        "preview": "./res/img/wallpapers/bg6_1.jpg"
      },
      {
        "image": "./res/img/wallpapers/bg7.jpg",
        "preview": "./res/img/wallpapers/bg7_1.jpg"
      },
      {
        "image": "./res/img/wallpapers/bg8.jpg",
        "preview": "./res/img/wallpapers/bg8_1.jpg"
      },
      {
        "image": "./res/img/wallpapers/bg9.jpg",
        "preview": "./res/img/wallpapers/bg9_1.jpg"
      },
      {
        "image": "./res/img/wallpapers/bg10.jpg",
        "preview": "./res/img/wallpapers/bg10_1.jpg"
      },
      {
        "image": "./res/img/wallpapers/bg11.jpg",
        "preview": "./res/img/wallpapers/bg11_1.jpg"
      },
      {
        "image": "./res/img/wallpapers/bg12.jpg",
        "preview": "./res/img/wallpapers/bg12_1.jpg"
      },
      {
        "image": "./res/img/wallpapers/bg13.jpg",
        "preview": "./res/img/wallpapers/bg13_1.jpg"
      },
      {
        "image": "./res/img/wallpapers/bg14.jpg",
        "preview": "./res/img/wallpapers/bg14_1.jpg"
      }
    ],
    "pathRes": "./res",
    "shortcutsSortAuto": true,
    "debug": false,
    "winBlur": true
  },
  "apps": {
    "yl-system": {
      "addressBar": false,
      "autoRun": 0,
      "background": false,
      "badge": 0,
      "desc": "YLUI系统设置面板",
      "icon": {
        "type": "fa",
        "bg": "#436fde",
        "content": "gear"
      },
      "openMode": "normal",
      "plugin": false,
      "position": {
        "x": "x*0.05",
        "y": "y*0.05",
        "left": true,
        "top": true,
        "autoOffset": true
      },
      "version": "1.0.0",
      "poweredBy": "CHIYAN",
      "resizable": true,
      "single": true,
      "size": {
        "width": "920",
        "height": "590"
      },
      "title": "系统设置",
      "url": "./res/apps/yl-system/index.html",
      "customTile": "",
      "urlRandomToken": true
    },
    "yl-color-picker": {
      "addressBar": false,
      "autoRun": 0,
      "background": false,
      "badge": 0,
      "desc": "简单的取色器",
      "icon": {
        "type": "fa",
        "bg": "#3289c7",
        "content": "eyedropper"
      },
      "openMode": "normal",
      "plugin": false,
      "position": {
        "x": "(x-207)/2",
        "y": "(y-239)/2",
        "left": true,
        "top": true,
        "autoOffset": false
      },
      "version": "1.0.0",
      "poweredBy": "Yuri2",
      "resizable": false,
      "single": true,
      "size": {
        "width": "207",
        "height": "239"
      },
      "title": "取色器",
      "url": "./res/apps/colorPicker/colorPicker.html",
      "customTile": "",
      "urlRandomToken": true
    },
    "yl-browser": {
      "addressBar": true,
      "autoRun": 0,
      "background": false,
      "badge": 0,
      "desc": "浏览器",
      "icon": {
        "type": "fa",
        "content": "internet-explorer",
        "bg": "#3a55c2"
      },
      "openMode": "normal",
      "plugin": false,
      "position": {
        "autoOffset": true,
        "left": true,
        "top": true,
        "x": "x*0.1",
        "y": "y*0.1"
      },
      "version": "1.0.0",
      "poweredBy": "Yuri2",
      "resizable": true,
      "single": false,
      "size": {
        "height": "y*0.8-80",
        "width": "x*0.8"
      },
      "title": "浏览器",
      "url": "./res/apps/browser/index.html",
      "customTile": "",
      "urlRandomToken": true
    },
    "yl-app-store": {
      "addressBar": false,
      "autoRun": 0,
      "background": false,
      "badge": 0,
      "desc": "",
      "icon": {
        "type": "fa",
        "content": "shopping-bag",
        "bg": "#b36aba"
      },
      "openMode": "normal",
      "plugin": false,
      "position": {
        "autoOffset": true,
        "left": true,
        "top": true,
        "x": "x*0.1",
        "y": "y*0.1"
      },
      "version": "1.0.0",
      "poweredBy": "Yuri2",
      "resizable": true,
      "single": true,
      "size": {
        "height": "y*0.8-80",
        "width": "x*0.8"
      },
      "title": "应用商店",
      "url": "./res/apps/app-store/index.html",
      "customTile": "",
      "urlRandomToken": true
    },
    "yl-app-home": {
      "addressBar": false,
      "autoRun": 0,
      "background": false,
      "badge": 0,
      "desc": "YLUI官方网站",
      "icon": {
        "type": "fa",
        "content": "yoast",
        "bg": "#6b96cf"
      },
      "openMode": "normal",
      "plugin": false,
      "position": {
        "autoOffset": true,
        "left": true,
        "top": true,
        "x": "x*0.1",
        "y": "y*0.1"
      },
      "version": "1.0.0",
      "poweredBy": "Yuri2",
      "resizable": true,
      "single": true,
      "size": {
        "height": "y*0.8-80",
        "width": "x*0.8"
      },
      "title": "YLUI 官网",
      "url": "https://ylui.yuri2.cn",
      "customTile": "",
      "urlRandomToken": true
    },
    "yl-server": {
      "addressBar": false,
      "autoRun": 1,
      "background": false,
      "badge": 0,
      "desc": "YLUI官方后台服务",
      "icon": {
        "type": "fa",
        "content": "yoast",
        "bg": "#6b96cf"
      },
      "openMode": "normal",
      "plugin": false,
      "position": {
        "autoOffset": false,
        "left": false,
        "top": false,
        "x": "x*0.1",
        "y": "y*0.1"
      },
      "version": "1.0.0",
      "poweredBy": "chiyan",
      "resizable": true,
      "single": true,
      "size": {
        "height": "y*0.8-80",
        "width": "x*0.8"
      },
      "title": "YLUI官方后台服务",
      "url": "https://www.26an.cn",
      "customTile": "",
      "urlRandomToken": true
    },
    "ylui-documents": {
      "addressBar": false,
      "autoRun": 0,
      "background": false,
      "badge": 0,
      "desc": "YLUI官方在线文档",
      "icon": {
        "type": "fa",
        "content": "book",
        "bg": "#d9ab4a"
      },
      "openMode": "outer",
      "plugin": false,
      "position": {
        "autoOffset": true,
        "left": true,
        "top": true,
        "x": "x*0.05",
        "y": "y*0.05"
      },
      "version": "1.0.0",
      "poweredBy": "Yuri2",
      "resizable": false,
      "single": false,
      "size": {
        "height": "y*0.8-80",
        "width": "x*0.8"
      },
      "title": "在线文档",
      "url": "https://github.com:/yuri2peter/ylui/tree/master/documents",
      "customTile": "",
      "urlRandomToken": false
    },
    "ylui-gitee": {
      "addressBar": false,
      "autoRun": 0,
      "background": false,
      "badge": 0,
      "desc": "",
      "icon": {
        "type": "str",
        "content": "G",
        "bg": "rgb(216,2,18)"
      },
      "openMode": "normal",
      "plugin": false,
      "position": {
        "autoOffset": true,
        "left": true,
        "top": true,
        "x": "x*0.05",
        "y": "y*0.05"
      },
      "version": "1.0.0",
      "poweredBy": "",
      "resizable": true,
      "single": false,
      "size": {
        "height": "y*0.8-80",
        "width": "x*0.8"
      },
      "title": "码云仓库",
      "url": "https://gitee.com:/yuri2/ylui",
      "customTile": "",
      "urlRandomToken": true
    },
    "ylui-github": {
      "addressBar": false,
      "autoRun": 0,
      "background": false,
      "badge": 0,
      "desc": "github仓库地址",
      "icon": {
        "type": "fa",
        "content": "github",
        "bg": "#292929"
      },
      "openMode": "outer",
      "plugin": false,
      "position": {
        "autoOffset": true,
        "left": true,
        "top": true,
        "x": "x*0.05",
        "y": "y*0.05"
      },
      "version": "1.0.0",
      "poweredBy": "github",
      "resizable": false,
      "single": false,
      "size": {
        "height": "y*0.8-80",
        "width": "x*0.8"
      },
      "title": "github",
      "url": "https://github.com:/yuri2peter/ylui",
      "customTile": "",
      "urlRandomToken": false
    },
    "ylui-fa": {
      "addressBar": false,
      "autoRun": 0,
      "background": false,
      "badge": 0,
      "desc": "",
      "icon": {
        "type": "fa",
        "content": "flag",
        "bg": "rgb(53,154,238)"
      },
      "openMode": "normal",
      "plugin": false,
      "position": {
        "autoOffset": true,
        "left": true,
        "top": true,
        "x": "x*0.05",
        "y": "y*0.05"
      },
      "version": "1.0.0",
      "poweredBy": "Font Awesome",
      "resizable": true,
      "single": true,
      "size": {
        "height": "y*0.8-80",
        "width": "x*0.8"
      },
      "title": "Font Awesome",
      "url": "https://fontawesome.com:/cheatsheet",
      "customTile": "",
      "urlRandomToken": true
    }
  },
  "shortcuts": [
    {
      "app": "yl-browser",
      "title": "浏览器",
      "params": {},
      "hash": ""
    },
    {
      "app": "yl-app-store",
      "title": "应用商店",
      "params": {},
      "hash": ""
    },
    {
      "app": "yl-app-home",
      "title": "YLUI 官网",
      "params": {},
      "hash": ""
    },
    {
      "title": "代码库",
      "children": [
        {
          "app": "ylui-documents",
          "title": "在线文档",
          "params": {},
          "hash": ""
        },
        {
          "app": "ylui-github",
          "title": "github",
          "params": {},
          "hash": ""
        },
        {
          "app": "ylui-gitee",
          "title": "码云仓库",
          "params": {},
          "hash": ""
        }
      ]
    }
  ],
  "tiles": [
    {
      "title": "系统",
      "data": [
        {
          "x": 0,
          "y": 6,
          "w": 2,
          "h": 2,
          "app": "yl-app-store",
          "title": "应用商店",
          "i": "91",
          "params": {},
          "hash": ""
        },
        {
          "x": 0,
          "y": 4,
          "w": 4,
          "h": 2,
          "app": "yl-system",
          "title": "系统设置",
          "i": "110",
          "params": {},
          "hash": ""
        },
        {
          "x": 4,
          "y": 4,
          "w": 2,
          "h": 2,
          "app": "yl-browser",
          "title": "浏览器",
          "i": "146",
          "params": {},
          "hash": ""
        },
        {
          "x": 0,
          "y": 0,
          "w": 6,
          "h": 4,
          "app": "yl-app-home",
          "title": "YLUI 官网",
          "i": "147",
          "params": {},
          "hash": ""
        },
        {
          "x": 2,
          "y": 6,
          "w": 4,
          "h": 2,
          "app": "ylui-documents",
          "title": "在线文档",
          "i": "158",
          "params": {},
          "hash": ""
        }
      ]
    }
  ],
  "startMenu": {
    "width": 620,
    "height": 494,
    "sidebar": [
      {
        "app": "yl-browser",
        "title": "浏览器",
        "params": {},
        "hash": ""
      },
      {
        "app": "yl-system",
        "title": "系统设置"
      }
    ],
    "menu": {
      "itemPushed-85": {
        "app": "yl-browser",
        "title": "浏览器",
        "params": {},
        "hash": ""
      },
      "itemPushed-89": {
        "app": "yl-app-home",
        "title": "YLUI 官网",
        "params": {},
        "hash": ""
      },
      "itemPushed-96": {
        "app": "yl-system",
        "title": "系统设置",
        "params": {},
        "hash": ""
      },
      "itemPushed-88": {
        "app": "yl-app-store",
        "title": "应用商店",
        "params": {},
        "hash": ""
      },
      "itemPushed-153": {
        "app": "ylui-documents",
        "title": "在线文档",
        "params": {},
        "hash": ""
      },
      "itemPushed-155": {
        "app": "ylui-gitee",
        "title": "码云仓库",
        "params": {},
        "hash": ""
      },
      "itemPushed-157": {
        "app": "ylui-github",
        "title": "github",
        "params": {},
        "hash": ""
      }
    }
  }
}
